Name, Year, WikiLink
Nima Arkani-Hamed,1972, /wiki/Nima_Arkani-Hamed
Miguel Alcubierre,1964, /wiki/Miguel_Alcubierre
Derek Abbott,1960, /wiki/Derek_Abbott
Alexei Alexeyevich Abrikosov,1928, /wiki/Alexei_Alexeyevich_Abrikosov
Stephen L. Adler,1939, /wiki/Stephen_L._Adler
Alexander Animalu,1938, /wiki/Alexander_Animalu
Zhores Ivanovich Alferov,1930, /wiki/Zhores_Ivanovich_Alferov
Hannes Olof G%C3%B6sta Alfv%C3%A9n,1908, /wiki/Hannes_Olof_G%C3%B6sta_Alfv%C3%A9n
Jim Al-Khalili,1962, /wiki/Jim_Al-Khalili
Viktor Ambartsumian,1908, /wiki/Viktor_Ambartsumian
Anja Cetti Andersen,1965, /wiki/Anja_Cetti_Andersen
Hans Henrik Andersen,1937, /wiki/Hans_Henrik_Andersen
Philip Warren Anderson,1923, /wiki/Philip_Warren_Anderson
Neil Ashby,1934, /wiki/Neil_Ashby
Nima Arkani-Hamed,1972, /wiki/Nima_Arkani-Hamed
Ayyub Guliyev,1954, /wiki/Ayyub_Guliyev
V. Balakrishnan (physicist),1943, /wiki/V._Balakrishnan_(physicist)
Milla Baldo-Ceolin,1924, /wiki/Milla_Baldo-Ceolin
Tom Baehr-Jones,1980, /wiki/Tom_Baehr-Jones
Aiyalam Parameswaran Balachandran,1938, /wiki/Aiyalam_Parameswaran_Balachandran
William A. Bardeen,1941, /wiki/William_A._Bardeen
Johannes Georg Bednorz,1950, /wiki/Johannes_Georg_Bednorz
Jocelyn Bell Burnell,1943, /wiki/Jocelyn_Bell_Burnell
James Binney,1950, /wiki/James_Binney
Gerd Binnig,1947, /wiki/Gerd_Binnig
Raymond T. Birge,1887, /wiki/Raymond_T._Birge
James Bjorken,1934, /wiki/James_Bjorken
Patrick Blackett,1897, /wiki/Patrick_Blackett
Nicolaas Bloembergen,1920, /wiki/Nicolaas_Bloembergen
Louis-Victor de Broglie,1892, /wiki/Louis-Victor_de_Broglie
Johannes Martinus Burgers,1895, /wiki/Johannes_Martinus_Burgers
Hans Buchdahl,1918, /wiki/Hans_Buchdahl
Curtis Callan,1942, /wiki/Curtis_Callan
Fritjof Capra,1939, /wiki/Fritjof_Capra
Marcela Carena,1962, /wiki/Marcela_Carena
David Carroll (physicist),1963, /wiki/David_Carroll_(physicist)
Brandon Carter,1942, /wiki/Brandon_Carter
Alejandro Corichi,1967, /wiki/Alejandro_Corichi
Swapan Chattopadhyay,1951, /wiki/Swapan_Chattopadhyay
Pavel Alekseyevich Cherenkov,1904, /wiki/Pavel_Alekseyevich_Cherenkov
Maxim Chernodub,1973, /wiki/Maxim_Chernodub
Geoffrey Chew,1924, /wiki/Geoffrey_Chew
Steven Chu,1948, /wiki/Steven_Chu
Giovanni Ciccotti,1943, /wiki/Giovanni_Ciccotti
Claude Cohen-Tannoudji,1933, /wiki/Claude_Cohen-Tannoudji
Karl Compton,1887, /wiki/Karl_Compton
Leon Cooper,1930, /wiki/Leon_Cooper
Eric Allin Cornell,1961, /wiki/Eric_Allin_Cornell
Ernest Courant,1920, /wiki/Ernest_Courant
Brian Cox (physicist),1968, /wiki/Brian_Cox_(physicist)
James Cronin,1931, /wiki/James_Cronin
Predrag Cvitanovi%C4%87,1946, /wiki/Predrag_Cvitanovi%C4%87
Jean Dalibard,1958, /wiki/Jean_Dalibard
Ashok Das,1953, /wiki/Ashok_Das
Paul Davies,1946, /wiki/Paul_Davies
Necmi Dayday,1943, /wiki/Necmi_Dayday
Hans Georg Dehmelt,1922, /wiki/Hans_Georg_Dehmelt
David Deutsch,1953, /wiki/David_Deutsch
Robbert Dijkgraaf,1960, /wiki/Robbert_Dijkgraaf
Savas Dimopoulos,1952, /wiki/Savas_Dimopoulos
Michael R. Douglas,1961, /wiki/Michael_R._Douglas
Sidney Drell,1926, /wiki/Sidney_Drell
Samuel T. Durrance,1943, /wiki/Samuel_T._Durrance
Freeman Dyson,1923, /wiki/Freeman_Dyson
Joseph H. Eberly,1935, /wiki/Joseph_H._Eberly
Arthur Stanley Eddington,1882, /wiki/Arthur_Stanley_Eddington
Paul Ehrenfest,1880, /wiki/Paul_Ehrenfest
Felix Ehrenhaft,1879, /wiki/Felix_Ehrenhaft
Manfred Eigen,1927, /wiki/Manfred_Eigen
Terence James Elkins,1936, /wiki/Terence_James_Elkins
John Ellis (physicist),1946, /wiki/John_Ellis_(physicist)
Richard Keith Ellis,1949, /wiki/Richard_Keith_Ellis
Fran%C3%A7ois Englert,1932, /wiki/Fran%C3%A7ois_Englert
Ernst equation,1934, /wiki/Ernst_equation
Leo Esaki,1925, /wiki/Leo_Esaki
Denis Evans,1951, /wiki/Denis_Evans
Ludvig Faddeev,1934, /wiki/Ludvig_Faddeev
Mitchell Feigenbaum,1944, /wiki/Mitchell_Feigenbaum
Albert Fert,1938, /wiki/Albert_Fert
David Finkelstein,1929, /wiki/David_Finkelstein
Johannes Fischer,1887, /wiki/Johannes_Fischer
Val Logsdon Fitch,1923, /wiki/Val_Logsdon_Fitch
Vladimir Aleksandrovich Fock,1898, /wiki/Vladimir_Aleksandrovich_Fock
Steven Frautschi,1933, /wiki/Steven_Frautschi
Peter Freund,1936, /wiki/Peter_Freund
Alexander Friedman,1888, /wiki/Alexander_Friedman
B. Roy Frieden,1936, /wiki/B._Roy_Frieden
Jerome Isaac Friedman,1930, /wiki/Jerome_Isaac_Friedman
Otto Frisch,1904, /wiki/Otto_Frisch
Harald Fuchs,1951, /wiki/Harald_Fuchs
Mary K. Gaillard,1939, /wiki/Mary_K._Gaillard
Sylvester James Gates,1950, /wiki/Sylvester_James_Gates
Hans Geiger,1882, /wiki/Hans_Geiger
Andre Geim,1958, /wiki/Andre_Geim
Murray Gell-Mann,1929, /wiki/Murray_Gell-Mann
Pierre-Gilles de Gennes,1932, /wiki/Pierre-Gilles_de_Gennes
Howard Georgi,1947, /wiki/Howard_Georgi
Andrea M. Ghez,1955, /wiki/Andrea_M._Ghez
Riccardo Giacconi,1931, /wiki/Riccardo_Giacconi
Naomi Ginsberg,1979, /wiki/Naomi_Ginsberg
Donald A. Glaser,1926, /wiki/Donald_A._Glaser
Sheldon Lee Glashow,1932, /wiki/Sheldon_Lee_Glashow
Roy J. Glauber,1925, /wiki/Roy_J._Glauber
James Glimm,1934, /wiki/James_Glimm
Peter Goddard (physicist),1945, /wiki/Peter_Goddard_(physicist)
Maria Goeppert-Mayer,1906, /wiki/Maria_Goeppert-Mayer
Gerald Goertzel,1920, /wiki/Gerald_Goertzel
Marvin Leonard Goldberger,1922, /wiki/Marvin_Leonard_Goldberger
Jeffrey Goldstone,1933, /wiki/Jeffrey_Goldstone
Sixto Gonz%C3%A1lez,1965, /wiki/Sixto_Gonz%C3%A1lez
Ravi Gomatam,1950, /wiki/Ravi_Gomatam
Lev Gor%27kov,1929, /wiki/Lev_Gor%27kov
Brian Greene,1963, /wiki/Brian_Greene
John Gribbin,1946, /wiki/John_Gribbin
David J. Griffiths,1942, /wiki/David_J._Griffiths
David Gross,1941, /wiki/David_Gross
Peter Gr%C3%BCnberg,1939, /wiki/Peter_Gr%C3%BCnberg
Charles Edouard Guillaume,1861, /wiki/Charles_Edouard_Guillaume
Alan Guth,1947, /wiki/Alan_Guth
Martin Gutzwiller,1925, /wiki/Martin_Gutzwiller
Vitaly Ginzburg,1916, /wiki/Vitaly_Ginzburg
Rudolf Haag,1922, /wiki/Rudolf_Haag
Alain Hach%C3%A9,1970, /wiki/Alain_Hach%C3%A9
Carl Richard Hagen,1937, /wiki/Carl_Richard_Hagen
John L. Hall,1934, /wiki/John_L._Hall
Viktor Hambardzumyan,1908, /wiki/Viktor_Hambardzumyan
Theodor W. H%C3%A4nsch,1941, /wiki/Theodor_W._H%C3%A4nsch
W.W. Hansen,1909, /wiki/W.W._Hansen
Serge Haroche,1944, /wiki/Serge_Haroche
John Hartnett (physicist),1952, /wiki/John_Hartnett_(physicist)
Lene Vestergaard Hau,1959, /wiki/Lene_Vestergaard_Hau
Stephen Hawking,1942, /wiki/Stephen_Hawking
Charles H. Henry,1937, /wiki/Charles_H._Henry
Gustav Ludwig Hertz,1887, /wiki/Gustav_Ludwig_Hertz
Heinrich Rudolf Hertz,1857, /wiki/Heinrich_Rudolf_Hertz
Antony Hewish,1924, /wiki/Antony_Hewish
Paul G. Hewitt,1931, /wiki/Paul_G._Hewitt
Peter Higgs,1929, /wiki/Peter_Higgs
Dorothy Crowfoot Hodgkin,1910, /wiki/Dorothy_Crowfoot_Hodgkin
Pervez Hoodbhoy,1950, /wiki/Pervez_Hoodbhoy
Gerardus %27t Hooft,1946, /wiki/Gerardus_%27t_Hooft
Charlotte Riefenstahl,1899, /wiki/Charlotte_Riefenstahl
John Hubbard (physicist),1931, /wiki/John_Hubbard_(physicist)
Edwin Powell Hubble,1889, /wiki/Edwin_Powell_Hubble
Russell Alan Hulse,1950, /wiki/Russell_Alan_Hulse
Andrew D. Huxley,1966, /wiki/Andrew_D._Huxley
John Iliopoulos,1940, /wiki/John_Iliopoulos
Jamal Nazrul Islam,1939, /wiki/Jamal_Nazrul_Islam
Werner Israel,1931, /wiki/Werner_Israel
Werner Israel,1928, /wiki/Werner_Israel
Roman Jackiw,1939, /wiki/Roman_Jackiw
Shirley Ann Jackson,1946, /wiki/Shirley_Ann_Jackson
Gregory Jaczko,1970, /wiki/Gregory_Jaczko
Ali Javan,1928, /wiki/Ali_Javan
Deborah S. Jin,1968, /wiki/Deborah_S._Jin
Anthony M. Johnson,1954, /wiki/Anthony_M._Johnson
Ir%C3%A8ne Joliot-Curie,1897, /wiki/Ir%C3%A8ne_Joliot-Curie
Brian David Josephson,1940, /wiki/Brian_David_Josephson
Menas Kafatos,1945, /wiki/Menas_Kafatos
Michio Kaku,1947, /wiki/Michio_Kaku
Charles K. Kao,1933, /wiki/Charles_K._Kao
Pyotr Kapitsa,1894, /wiki/Pyotr_Kapitsa
Predhiman Krishan Kaw,1948, /wiki/Predhiman_Krishan_Kaw
Wolfgang Ketterle,1957, /wiki/Wolfgang_Ketterle
Isaak Markovich Khalatnikov,1919, /wiki/Isaak_Markovich_Khalatnikov
Abdul Qadeer Khan,1936, /wiki/Abdul_Qadeer_Khan
Julii Khariton,1904, /wiki/Julii_Khariton
Toichiro Kinoshita,1925, /wiki/Toichiro_Kinoshita
Hagen Kleinert,1941, /wiki/Hagen_Kleinert
Klaus von Klitzing,1943, /wiki/Klaus_von_Klitzing
Makoto Kobayashi (physicist),1944, /wiki/Makoto_Kobayashi_(physicist)
Masatoshi Koshiba,1926, /wiki/Masatoshi_Koshiba
Matthew Koss,1961, /wiki/Matthew_Koss
Hendrik Kramers,1894, /wiki/Hendrik_Kramers
Lawrence Krauss,1954, /wiki/Lawrence_Krauss
Herbert Kroemer,1928, /wiki/Herbert_Kroemer
Nikolay Sergeevich Krylov,1917, /wiki/Nikolay_Sergeevich_Krylov
Igor Vasilyevich Kurchatov,1903, /wiki/Igor_Vasilyevich_Kurchatov
Behram Kursunoglu,1922, /wiki/Behram_Kursunoglu
Yulii Borisovich Khariton,1904, /wiki/Yulii_Borisovich_Khariton
Lev Davidovich Landau,1908, /wiki/Lev_Davidovich_Landau
Cesar Lattes,1924, /wiki/Cesar_Lattes
Robert B. Laughlin,1950, /wiki/Robert_B._Laughlin
Pyotr Nikolaevich Lebedev,1866, /wiki/Pyotr_Nikolaevich_Lebedev
Leon M. Lederman,1922, /wiki/Leon_M._Lederman
Benjamin Lee (physicist),1935, /wiki/Benjamin_Lee_(physicist)
David Lee (physicist),1931, /wiki/David_Lee_(physicist)
Tsung-Dao Lee,1926, /wiki/Tsung-Dao_Lee
Anthony James Leggett,1938, /wiki/Anthony_James_Leggett
John Lennard-Jones,1894, /wiki/John_Lennard-Jones
Martin Lewis Perl,1927, /wiki/Martin_Lewis_Perl
Robert von Lieben,1878, /wiki/Robert_von_Lieben
Alfred-Marie Li%C3%A9nard,1869, /wiki/Alfred-Marie_Li%C3%A9nard
David Lindley (physicist),1956, /wiki/David_Lindley_(physicist)
Chris Lintott,1980, /wiki/Chris_Lintott
Antony Garrett Lisi,1968, /wiki/Antony_Garrett_Lisi
Robert K. Logan,1939, /wiki/Robert_K._Logan
Ram%C3%B3n E. L%C3%B3pez,1959, /wiki/Ram%C3%B3n_E._L%C3%B3pez
Per-Olov L%C3%B6wdin,1916, /wiki/Per-Olov_L%C3%B6wdin
Joseph Lykken,1957, /wiki/Joseph_Lykken
Aleksandr Mikhailovich Lyapunov,1857, /wiki/Aleksandr_Mikhailovich_Lyapunov
Luciano Maiani,1941, /wiki/Luciano_Maiani
Theodore Maiman,1927, /wiki/Theodore_Maiman
Juan Mart%C3%ADn Maldacena,1968, /wiki/Juan_Mart%C3%ADn_Maldacena
Leonid Isaakovich Mandelshtam,1879, /wiki/Leonid_Isaakovich_Mandelshtam
Peter Mansfield,1933, /wiki/Peter_Mansfield
Toshihide Maskawa,1940, /wiki/Toshihide_Maskawa
John C. Mather,1946, /wiki/John_C._Mather
Brian May,1947, /wiki/Brian_May
Maria Goeppert Mayer,1906, /wiki/Maria_Goeppert_Mayer
Ronald E. McNair,1950, /wiki/Ronald_E._McNair
Fulvio Melia,1956, /wiki/Fulvio_Melia
Adrian Melott,1947, /wiki/Adrian_Melott
Mambillikalathil Govind Kumar Menon,1928, /wiki/Mambillikalathil_Govind_Kumar_Menon
Albert Abraham Michelson,1852, /wiki/Albert_Abraham_Michelson
Robert Millikan,1868, /wiki/Robert_Millikan
Arthur Milne,1896, /wiki/Arthur_Milne
John J. Montgomery,1858, /wiki/John_J._Montgomery
Jagadeesh Moodera,1950, /wiki/Jagadeesh_Moodera
Nevill Mott,1905, /wiki/Nevill_Mott
Ben Roy Mottelson,1926, /wiki/Ben_Roy_Mottelson
Moustafa Mosharafa,1898, /wiki/Moustafa_Mosharafa
Karl Alexander M%C3%BCller,1927, /wiki/Karl_Alexander_M%C3%BCller
Richard A. Muller,1944, /wiki/Richard_A._Muller
Abhas Mitra,1955, /wiki/Abhas_Mitra
Yoichiro Nambu,1921, /wiki/Yoichiro_Nambu
Jayant Narlikar,1938, /wiki/Jayant_Narlikar
Ann Nelson,1958, /wiki/Ann_Nelson
John von Neumann,1903, /wiki/John_von_Neumann
Holger Bech Nielsen,1941, /wiki/Holger_Bech_Nielsen
Lothar Nordheim,1899, /wiki/Lothar_Nordheim
H. Pierre Noyes,1923, /wiki/H._Pierre_Noyes
Konstantin Novoselov,1974, /wiki/Konstantin_Novoselov
David Olive,1937, /wiki/David_Olive
Robert Oppenheimer,1904, /wiki/Robert_Oppenheimer
Leonard Salomon Ornstein,1880, /wiki/Leonard_Salomon_Ornstein
Egon Orowan,1901, /wiki/Egon_Orowan
Yuri Feodorovich Orlov,1924, /wiki/Yuri_Feodorovich_Orlov
Douglas D. Osheroff,1945, /wiki/Douglas_D._Osheroff
Thanu Padmanabhan,1957, /wiki/Thanu_Padmanabhan
Jogesh Pati,1937, /wiki/Jogesh_Pati
Wolfgang Pauli,1900, /wiki/Wolfgang_Pauli
Roger Penrose,1931, /wiki/Roger_Penrose
Arno Allan Penzias,1933, /wiki/Arno_Allan_Penzias
Martin Lewis Perl,1927, /wiki/Martin_Lewis_Perl
Saul Perlmutter,1959, /wiki/Saul_Perlmutter
Konstantin Petrzhak,1907, /wiki/Konstantin_Petrzhak
William Daniel Phillips,1948, /wiki/William_Daniel_Phillips
Ward Plummer,1940, /wiki/Ward_Plummer
Joseph Polchinski,1954, /wiki/Joseph_Polchinski
Hugh David Politzer,1949, /wiki/Hugh_David_Politzer
John Polkinghorne,1930, /wiki/John_Polkinghorne
Alexander M. Polyakov,1945, /wiki/Alexander_M._Polyakov
Cecil Frank Powell,1903, /wiki/Cecil_Frank_Powell
Mihajlo Idvorski Pupin,1858, /wiki/Mihajlo_Idvorski_Pupin
Boris Podolsky,1896, /wiki/Boris_Podolsky
Helen Quinn,1943, /wiki/Helen_Quinn
Mark G. Raizen,1955, /wiki/Mark_G._Raizen
Chandrasekhara Venkata Raman,1888, /wiki/Chandrasekhara_Venkata_Raman
Lisa Randall,1962, /wiki/Lisa_Randall
Sidney Redner,1951, /wiki/Sidney_Redner
Martin Rees,1942, /wiki/Martin_Rees
Hubert Reeves,1932, /wiki/Hubert_Reeves
Tullio Regge,1931, /wiki/Tullio_Regge
Robert Coleman Richardson,1937, /wiki/Robert_Coleman_Richardson
Burton Richter,1931, /wiki/Burton_Richter
Adam Riess,1969, /wiki/Adam_Riess
Walter Ritz,1878, /wiki/Walter_Ritz
Heinrich Rohrer,1933, /wiki/Heinrich_Rohrer
Joseph Romm,1960, /wiki/Joseph_Romm
Clemens C. J. Roothaan,1918, /wiki/Clemens_C._J._Roothaan
Carl-Gustav Arvid Rossby,1898, /wiki/Carl-Gustav_Arvid_Rossby
Carlo Rovelli,1956, /wiki/Carlo_Rovelli
Carlo Rubbia,1934, /wiki/Carlo_Rubbia
Vera Rubin,1928, /wiki/Vera_Rubin
Serge Rudaz,1954, /wiki/Serge_Rudaz
David Ruelle,1935, /wiki/David_Ruelle
Nathan Rosen,1909, /wiki/Nathan_Rosen
Nathan Rosen,1909, /wiki/Nathan_Rosen
Mendel Sachs,1927, /wiki/Mendel_Sachs
Megh Nad Saha,1893, /wiki/Megh_Nad_Saha
Anthony Ichiro Sanda,1944, /wiki/Anthony_Ichiro_Sanda
Matthew Sanders,1996, /wiki/Matthew_Sanders
Isidor Sauers,1948, /wiki/Isidor_Sauers
Martin Schadt,1938, /wiki/Martin_Schadt
Brian Schmidt,1967, /wiki/Brian_Schmidt
Kees A. Schouhamer Immink,1946, /wiki/Kees_A._Schouhamer_Immink
John Robert Schrieffer,1931, /wiki/John_Robert_Schrieffer
Erwin Schr%C3%B6dinger,1887, /wiki/Erwin_Schr%C3%B6dinger
John Henry Schwarz,1941, /wiki/John_Henry_Schwarz
Dennis William Sciama,1926, /wiki/Dennis_William_Sciama
Bice Sechi-Zorn,1928, /wiki/Bice_Sechi-Zorn
Nathan Seiberg,1956, /wiki/Nathan_Seiberg
Ashoke Sen,1956, /wiki/Ashoke_Sen
Roman U. Sexl,1939, /wiki/Roman_U._Sexl
Mikhail Shifman,1949, /wiki/Mikhail_Shifman
Dmitry Shirkov,1928, /wiki/Dmitry_Shirkov
Eva Silverstein,1970, /wiki/Eva_Silverstein
Alexei Yuryevich Smirnov,1951, /wiki/Alexei_Yuryevich_Smirnov
Alexei Yuryevich Smirnov,1999, /wiki/Alexei_Yuryevich_Smirnov
George E. Smith,1930, /wiki/George_E._Smith
Lee Smolin,1955, /wiki/Lee_Smolin
George Smoot,1945, /wiki/George_Smoot
Arsenij Sokolov,1910, /wiki/Arsenij_Sokolov
Bent S%C3%B8rensen (physicist),1941, /wiki/Bent_S%C3%B8rensen_(physicist)
Rafael Sorkin,1945, /wiki/Rafael_Sorkin
Maria Spiropulu,1970, /wiki/Maria_Spiropulu
Jack Steinberger,1921, /wiki/Jack_Steinberger
Paul J. Steinhardt,1952, /wiki/Paul_J._Steinhardt
George Sterman,1946, /wiki/George_Sterman
Horst Ludwig St%C3%B6rmer,1949, /wiki/Horst_Ludwig_St%C3%B6rmer
Andrew Strominger,1955, /wiki/Andrew_Strominger
George Sudarshan,1931, /wiki/George_Sudarshan
Rashid Sunyaev,1943, /wiki/Rashid_Sunyaev
Oleg Sushkov,1950, /wiki/Oleg_Sushkov
Leonard Susskind,1940, /wiki/Leonard_Susskind
Le%C3%B3 Szil%C3%A1rd,1898, /wiki/Le%C3%B3_Szil%C3%A1rd
Igor Yevgenyevich Tamm,1895, /wiki/Igor_Yevgenyevich_Tamm
Geoffrey Ingram Taylor,1886, /wiki/Geoffrey_Ingram_Taylor
"Joseph Hooton Taylor, Jr.",1941," /wiki/Joseph_Hooton_Taylor,_Jr."
Richard E. Taylor,1929, /wiki/Richard_E._Taylor
Max Tegmark,1967, /wiki/Max_Tegmark
Edward Teller,1908, /wiki/Edward_Teller
Kip Stephen Thorne,1940, /wiki/Kip_Stephen_Thorne
Samuel C. C. Ting,1936, /wiki/Samuel_C._C._Ting
Frank J. Tipler,1947, /wiki/Frank_J._Tipler
Sin-Itiro Tomonaga,1906, /wiki/Sin-Itiro_Tomonaga
Charles Townes,1915, /wiki/Charles_Townes
Daniel C. Tsui,1939, /wiki/Daniel_C._Tsui
Neil Turok,1958, /wiki/Neil_Turok
Neil deGrasse Tyson,1958, /wiki/Neil_deGrasse_Tyson
George Eugene Uhlenbeck,1900, /wiki/George_Eugene_Uhlenbeck
Juris Upatnieks,1936, /wiki/Juris_Upatnieks
Sergei Vavilov,1891, /wiki/Sergei_Vavilov
Evgeny Velikhov,1935, /wiki/Evgeny_Velikhov
Martinus J. G. Veltman,1931, /wiki/Martinus_J._G._Veltman
Gabriele Veneziano,1942, /wiki/Gabriele_Veneziano
Jean-Pierre Vigier,1920, /wiki/Jean-Pierre_Vigier
John Hasbrouck van Vleck,1899, /wiki/John_Hasbrouck_van_Vleck
Wernher Von Braun,1912, /wiki/Wernher_Von_Braun
Kan-Chang Wang,1907, /wiki/Kan-Chang_Wang
Alan Andrew Watson,1938, /wiki/Alan_Andrew_Watson
James Wait,1924, /wiki/James_Wait
Colin Webb,1937, /wiki/Colin_Webb
Alvin Weinberg,1915, /wiki/Alvin_Weinberg
Steven Weinberg,1933, /wiki/Steven_Weinberg
Victor Frederick Weisskopf,1908, /wiki/Victor_Frederick_Weisskopf
Peter Westervelt,1919, /wiki/Peter_Westervelt
Gian-Carlo Wick,1909, /wiki/Gian-Carlo_Wick
Carl Wieman,1951, /wiki/Carl_Wieman
Arthur Wightman,1922, /wiki/Arthur_Wightman
Eugene Wigner,1902, /wiki/Eugene_Wigner
Frank Wilczek,1951, /wiki/Frank_Wilczek
Kenneth G. Wilson,1936, /wiki/Kenneth_G._Wilson
David J. Wineland,1944, /wiki/David_J._Wineland
Robert Woodrow Wilson,1936, /wiki/Robert_Woodrow_Wilson
Mark B. Wise,1953, /wiki/Mark_B._Wise
Edward Witten,1951, /wiki/Edward_Witten
Emil Wolf,1922, /wiki/Emil_Wolf
Fred Alan Wolf,1934, /wiki/Fred_Alan_Wolf
Lincoln Wolfenstein,1923, /wiki/Lincoln_Wolfenstein
Stephen Wolfram,1959, /wiki/Stephen_Wolfram
Michael Woolfson,1927, /wiki/Michael_Woolfson
Chien-Shiung Wu,1912, /wiki/Chien-Shiung_Wu
